,cement,blast_furnace_slag,fly_ash,water,superplasticizer,coarse_aggregate,fine_aggregate,age,compressive_strength_mpa
cement,1.0,-0.2751934433946933,-0.3974754395621214,-0.08154361314586801,0.0927713660402517,-0.10935603936014707,-0.22272017251118434,0.08194726384370803,0.49783272227484315
blast_furnace_slag,-0.2751934433946933,1.0,-0.32356946824892,0.10728594305402198,0.04337573608658628,-0.2839982304167148,-0.281593262546014,-0.04424580053220706,0.1348244451433428
fly_ash,-0.3974754395621214,-0.32356946824892,1.0,-0.2570439967672081,0.3773395587724206,-0.009976787860816473,0.07907635086760655,-0.15437016471642623,-0.10575334763608239
water,-0.08154361314586801,0.10728594305402198,-0.2570439967672081,1.0,-0.65746443675148,-0.18231166840932136,-0.45063497639290706,0.27760442934523727,-0.2896134756904166
superplasticizer,0.0927713660402517,0.04337573608658628,0.3773395587724206,-0.65746443675148,1.0,-0.2663027552424895,0.2225014933644737,-0.19271651763583517,0.3661022976832249
coarse_aggregate,-0.10935603936014707,-0.2839982304167148,-0.009976787860816473,-0.18231166840932136,-0.2663027552424895,1.0,-0.17850575466078547,-0.0030155073633053035,-0.1649278210573356
fine_aggregate,-0.22272017251118434,-0.281593262546014,0.07907635086760655,-0.45063497639290706,0.2225014933644737,-0.17850575466078547,1.0,-0.15609404945514638,-0.16724896198169073
age,0.08194726384370803,-0.04424580053220706,-0.15437016471642623,0.27760442934523727,-0.19271651763583517,-0.0030155073633053035,-0.15609404945514638,1.0,0.3288769755102853
compressive_strength_mpa,0.49783272227484315,0.1348244451433428,-0.10575334763608239,-0.2896134756904166,0.3661022976832249,-0.1649278210573356,-0.16724896198169073,0.3288769755102853,1.0
