method,lambda,cv_rmse
ridge,0.1,3.390270220347293
ridge,0.2,3.3900144065032016
ridge,0.4,3.3896161798570996
ridge,0.8,3.3892166637108487
ridge,1.6,3.3896439591397924
ridge,3.2,3.3934987982038565
ridge,6.4,3.4058723177769537
ridge,12.8,3.4319916205555483
ridge,25.6,3.473489025374412
ridge,51.2,3.5338788819152405
ridge,102.4,3.6347756899830808
ridge,204.8,3.826660426579745
ridge,409.6,4.187333638874852
ridge,819.2,4.78931697496734
ridge,1638.4,5.58709947135806
ridge,3276.8,6.380986901879633
ridge,6553.6,6.992965594403936
ridge,13107.2,7.385686484190141
ridge,26214.4,7.610531847680075
ridge,52428.8,7.7312065833192705
lasso,0.1,3.3904907059573364
lasso,0.2,3.3904305967094213
lasso,0.4,3.390339746674512
lasso,0.8,3.390232218853253
lasso,1.6,3.3904034126770717
lasso,3.2,3.3916054865906156
lasso,6.4,3.3978914897823422
lasso,12.8,3.4054994967409455
lasso,25.6,3.4042531396489952
lasso,51.2,3.4089933735200466
lasso,102.4,3.4396914848203632
lasso,204.8,3.5646959518852634
lasso,409.6,3.99196083818152
lasso,819.2,5.3126255010501735
lasso,1638.4,7.782115432446384
lasso,3276.8,7.848646153008706
lasso,6553.6,7.848646153008706
lasso,13107.2,7.848646153008706
lasso,26214.4,7.848646153008706
lasso,52428.8,7.848646153008706
