row_index,split
310,train
176,train
52,train
335,train
37,train
124,train
309,train
362,train
79,train
55,train
161,train
326,train
35,train
233,train
257,train
320,train
170,train
289,train
25,train
327,train
104,train
308,train
159,train
20,train
212,train
266,train
42,train
113,train
154,train
46,train
29,train
367,train
78,train
301,train
64,train
277,train
279,train
175,train
234,train
76,train
15,train
339,train
377,train
146,train
213,train
4,train
364,train
236,train
156,train
330,train
290,train
220,train
67,train
210,train
65,train
17,train
44,train
238,train
80,train
41,train
127,train
333,train
97,train
268,train
346,train
138,train
32,train
283,train
244,train
275,train
240,train
51,train
58,train
251,train
292,train
63,train
386,train
164,train
306,train
211,train
342,train
239,train
295,train
152,train
259,train
347,train
181,train
148,train
172,train
361,train
375,train
312,train
99,train
195,train
378,train
171,train
177,train
150,train
351,train
128,train
62,train
209,train
193,train
53,train
112,train
237,train
241,train
22,train
91,train
117,train
135,train
75,train
313,train
137,train
353,train
303,train
267,train
203,train
167,train
254,train
13,train
74,train
230,train
356,train
248,train
125,train
85,train
293,train
228,train
151,train
130,train
2,train
47,train
139,train
381,train
322,train
302,train
374,train
365,train
216,train
36,train
89,train
387,train
199,train
307,train
153,train
184,train
389,train
215,train
174,train
105,train
165,train
218,train
276,train
185,train
280,train
40,train
122,train
337,train
118,train
155,train
366,train
136,train
205,train
286,train
385,train
243,train
191,train
10,train
357,train
26,train
111,train
93,train
242,train
131,train
87,train
314,train
348,train
0,train
182,train
391,train
256,train
250,train
6,train
126,train
30,train
370,train
121,train
179,train
168,train
188,train
219,train
160,train
232,train
358,train
5,train
183,train
311,train
231,train
272,train
27,train
247,train
194,train
12,train
115,train
269,train
317,train
271,train
382,train
140,train
192,train
86,train
100,train
376,train
201,train
229,train
1,train
284,train
129,train
252,train
285,train
134,train
82,train
21,train
204,train
132,train
208,train
157,train
300,train
180,train
332,train
281,train
145,train
56,train
325,train
379,train
264,train
39,train
214,train
296,train
57,train
50,train
324,train
83,train
298,train
390,train
287,train
8,train
107,train
221,train
328,train
258,train
81,train
9,train
227,train
162,train
24,train
90,train
341,train
18,train
372,train
66,train
369,train
73,train
43,train
380,train
102,train
305,train
163,train
354,train
16,train
166,train
294,train
84,train
270,train
388,train
77,train
69,train
169,train
197,train
7,train
68,train
186,train
147,train
291,train
383,train
235,train
71,train
141,train
72,train
352,train
206,train
120,train
318,train
297,train
101,train
249,train
261,train
28,train
355,train
19,train
225,train
94,train
334,train
149,train
349,train
142,train
255,train
263,train
253,train
60,train
144,train
246,train
217,train
315,test
70,test
88,test
350,test
329,test
173,test
359,test
338,test
207,test
3,test
345,test
288,test
59,test
54,test
198,test
92,test
103,test
245,test
108,test
321,test
14,test
49,test
323,test
196,test
384,test
158,test
373,test
319,test
304,test
360,test
371,test
119,test
222,test
11,test
106,test
273,test
265,test
299,test
109,test
31,test
38,test
340,test
95,test
343,test
23,test
110,test
61,test
116,test
282,test
123,test
278,test
202,test
226,test
187,test
33,test
336,test
344,test
200,test
143,test
363,test
45,test
224,test
368,test
260,test
331,test
316,test
98,test
114,test
262,test
223,test
178,test
189,test
133,test
190,test
34,test
48,test
96,test
274,test
