term,coefficient
one,-1016807.1950886175
weight^-1.0,908334.5294565515
modelyear^2.0,-10.116971451691256
modelyear^0.5,83706.68232352966
displacement^-1.0,-1665.0377814010378
weight^2.0,-2.570055303608587E-6
horsepower^0.5,-12.24758571673958
acceleration^-1.0,808.9958110597044
displacement^-2.0,129732.11498468724
displacement^2.0,-9.88807722492394E-6
weight^0.5,7.309779350622786
weight^-2.0,-6.26524289432607E8
horsepower^-2.0,141120.05445243078
horsepower^-1.0,-6699.3736502889
acceleration^-2.0,-3554.8822767220113
acceleration^2.0,0.02862698422491182
modelyear^-1.0,3.364508907337726E7
modelyear^-2.0,-5.625569657127568E8
cylinders^2.0,1.1833772004820418
origin^2.0,0.04561716349698451
origin^-1.0,-1.436111884282773
cylinders^-2.0,-765.5316445285113
cylinders^0.5,-114.12679009601915
horsepower^2.0,7.085400511770381E-4
