row_index,y
319,32.2
42,13.0
13,14.0
114,15.0
272,20.3
83,27.0
188,14.5
202,32.0
370,37.0
380,25.0
355,30.7
73,13.0
245,39.4
20,25.0
365,31.0
281,20.2
113,26.0
36,18.0
115,16.0
91,13.0
40,14.0
226,18.5
279,19.8
349,33.0
289,19.2
247,19.9
75,18.0
240,21.5
187,15.5
283,17.0
15,22.0
308,38.1
333,32.4
129,32.0
95,13.0
353,31.6
177,22.0
356,25.4
90,13.0
383,22.0
346,34.7
288,15.5
302,37.3
166,23.0
334,27.2
341,35.1
170,25.0
151,18.0
39,14.0
124,20.0
81,23.0
305,26.8
241,21.5
328,33.8
53,35.0
251,20.5
125,19.0
51,30.0
197,20.0
276,31.5
178,25.0
44,18.0
222,15.0
30,28.0
300,34.5
116,29.0
154,16.0
92,14.0
258,18.6
257,20.8
157,14.0
364,34.0
331,23.7
340,39.0
298,23.9
195,29.0
179,33.0
249,20.2
