row_index,y,prediction
0,79.98611076,71.2879239927654
8,45.854290856,26.16871647129915
16,39.358047983999995,36.04683058903811
22,8.06342182,5.6439222885410345
24,52.516697443999995,41.79363514371539
29,38.60376124,31.318456920349263
30,55.260122448,37.142379152340936
32,41.719503284,40.21476781359888
33,42.131120456,58.917494378681795
46,15.049192651999999,10.205220404203828
51,46.931941843999994,42.7893488034249
55,14.638264955999999,10.72350387813276
64,48.695621452,43.16752228679593
69,71.98818916,56.259088495399624
71,28.79941252,38.781549282815035
73,36.3009114,40.51230040976725
76,40.1964508,40.80569594354961
79,41.2996124,45.428844068192234
81,25.2003478,37.56523012795071
86,35.3011712,38.80635546761937
97,45.69846928,35.04635788702603
100,49.20100736,45.545120928550205
102,46.89815752,50.53707012168991
106,55.89581932,43.91458152111795
131,52.20022796,57.25975007528018
137,71.29871315999999,56.407039641086385
138,49.89737812,50.80417035649327
139,63.3973182,63.828475774633034
141,64.30053176,65.79807379612066
156,72.99482412,63.16322985284137
172,65.19685056,70.94568191059443
173,68.09954452,68.07401716349261
180,73.29819356,69.00908679381132
181,82.5992248,72.52351325211418
196,25.72434956,33.551878405697494
198,37.34202016,47.33015697658618
202,35.34253976,41.48945026330159
208,39.6103962,42.877872880322116
214,9.4458212,15.607341685502888
219,10.76272036,8.449979220455702
220,25.48303296,19.147414543193577
222,28.62704352,33.81115814152565
223,33.5430074,39.828941964812316
224,7.74971024,18.266237608543406
237,47.13257936,42.05636141833111
239,13.35515012,7.814617335351386
241,24.53845084,25.415301508817493
246,30.2335226,29.98384172656438
249,13.817099039999999,12.13439270668232
253,42.347615919999996,43.513355451037114
256,31.640053639999998,36.68279884379672
257,42.54756396,44.44329359139965
262,44.395359639999995,43.88642997256295
265,31.35047372,29.42562823558069
266,38.500339839999995,36.32887708631165
270,26.77235308,26.036771405841137
286,27.77209328,29.288451770727534
300,34.67374804,32.849812176279215
302,45.08483564,47.51355577461129
309,22.94576128,21.478350243199657
319,15.361525279999999,20.791130643144015
329,23.52492112,23.276168971463335
342,51.95891136,45.449957186329016
343,56.7438748,51.46774100961568
345,33.72916592,28.610147134023237
350,33.70158688,28.102746063765494
358,66.9481196,59.76805116581511
359,27.42046052,23.537400994293876
370,26.04840328,29.035791630245853
374,16.27852836,8.758893511886981
375,25.62092816,19.456328834623946
389,44.13335876,49.371669463663466
392,47.27736932,41.12430838128057
400,67.86512268,51.41873098393967
411,23.07676172,14.887769700611557
419,16.87837248,17.11772129214637
420,33.08795324,26.898804833283748
423,29.7508894,26.569875434815117
427,19.41564416,24.694584700618407
430,24.28334472,24.945740558259104
431,20.72564856,20.15859639534733
434,39.1622368,33.482420664875804
437,38.20386516,32.48845387407766
438,41.40992856,33.9964857724666
439,37.810863839999996,31.580467318613387
450,53.77223324,40.24894862167969
454,39.64487,35.986475209386754
462,37.6798634,47.251402856433856
479,38.01770664,47.80503167039956
481,61.06688932,68.07217610903376
483,55.25460664,68.05798453797001
484,54.765078679999995,68.66624252875158
485,50.23522136,50.69224356803272
497,44.02993736,50.436814872207265
501,25.60910856945864,29.671286168955703
502,33.488834284729315,34.77951222245338
507,62.052839999999996,51.444225736693056
509,72.09850532,56.05702514123129
512,32.109882284729316,38.45634096776428
515,21.96670536,19.181429618608263
516,9.84965714581204,1.5807454451421563
522,44.520450284729314,45.78429129071958
534,19.199148695999998,17.836508260732444
536,39.604880392,35.43719243419855
538,34.569637164,33.89050832207613
541,15.615941924,11.41847122866966
552,9.617500724000001,18.918986378688714
559,39.435269296,50.97269999719356
562,24.065470304,23.17691455329259
569,22.489328168,31.568986873764516
571,39.699338604,47.86392266652365
572,13.089012384,15.518845827757104
578,17.200357771999997,26.701685083130542
581,12.37264682,24.001336316730885
596,10.730314988,15.595055107078224
597,31.38150014,34.996521019733336
598,13.22414968,11.075261588221565
609,24.104080959999997,37.202851518436546
611,21.26343984,17.38003601270566
613,11.36256448,6.682600689969604
621,34.48758952,43.90177694126578
626,9.99050724,7.711587582970424
627,7.8393421199999995,7.461144388272373
639,43.69898888,37.109567164866576
640,30.143890719999998,24.617109044898143
642,20.87043852,23.42933004061433
643,20.27748916,19.27682959633762
646,47.714497103999996,40.80158683941863
647,43.377003588,42.7782191462793
648,29.89223198,23.97532109309759
651,4.9035533120000006,2.0256891621120303
654,24.290928956,20.332807020227847
656,11.414275179999999,6.801484558954144
661,10.3938507,11.482862973129158
669,16.10960674,18.384936640090018
676,15.748321315999998,16.887695875647296
709,32.102692036,34.24340900584957
710,36.964187312,27.999362712386755
713,9.694722036,12.375310845782224
718,10.354550567999999,7.840348900259414
721,11.85209244,7.865765042486601
725,38.70028788,40.71813358262807
737,17.54026944,21.257112103456848
739,25.17966352,26.558737588073882
741,43.892042159999995,46.04203728000357
748,33.21205892,30.189666178841662
760,29.97841648,35.23813542409903
761,31.35047372,40.27986480352979
770,14.98920824,10.238644428753105
776,21.160018439999998,18.823132950660465
778,14.796154959999999,15.315549183563007
780,17.54026944,21.75983852762579
794,26.74477404,39.614376073668836
810,14.98920824,13.566090262741454
813,37.32823064,43.05735419820758
816,42.42345828,37.204054872276856
836,33.41890172,35.603461120066186
841,30.12320644,33.576842502802265
845,57.21271848,44.03443926645923
847,52.82075636,45.78874997058608
848,33.398217439999996,34.0612583577888
852,42.63719584,36.255964039359924
853,40.0585556,31.264471148916527
856,40.865242519999995,36.92028283226773
858,52.42086028,44.73699474085129
860,38.45897128,43.055535897779805
861,37.25928304,38.00154054449649
870,23.69039536,29.750163212331245
876,33.0603742,32.094107523417506
880,12.17614616,26.049036941749364
881,25.55887532,36.39069749241423
882,36.4388066,27.134783941059368
885,26.22766704,35.20052227915346
891,13.45857152,27.318412522836297
892,32.23989776,29.329163479598265
900,37.431652039999996,42.44176225753745
901,29.86810032,30.65108244548992
902,56.61287436,43.144325143159904
905,13.29309728,24.047655167367452
906,39.417342919999996,41.64908824629072
908,44.51946532,54.4992623768523
912,43.5748832,39.39769991103958
913,35.85964676,42.94863328202837
914,41.05140104,46.96322589429417
918,10.53519328,16.71870735888183
934,22.93197176,22.58099835514986
937,36.804918356,41.055714483237125
941,28.937997196,31.894131256576657
944,25.559564796,36.16960745951724
953,8.536402356,14.778365552603873
954,13.461329424,27.62248250659559
958,49.77327244,43.44218118704259
959,52.446370892,47.0124542902206
977,41.053469468,46.75867971552793
981,10.535882756,16.910147739048398
989,19.98790924,25.132583127029193
992,15.42357812,28.562481396528824
994,39.056057496,41.181767939688825
995,27.681082448,34.98755991235089
1004,52.826961643999994,45.36041694455923
1006,18.033934256,25.582645240136344
1011,43.798273423999994,40.67711642756376
1014,33.306517131999996,37.63472139221881
1019,35.225328839999996,29.786425788152883
1025,44.284354003999994,42.106811962866345
1029,32.401235144,33.181085410194555
