term,coefficient,training_mean,training_scale
one,124.98748877805073,0.0,1.0
suction_displacement_thickness_m_chord_length_m_frequency_hz,2.09073315381407,2.5583964616267285,4.3923585896097865
chord_length_m_frequency_hz,-6.356386978629573,387.416931005819,593.0001737251182
free_stream_velocity_ms^0.5,2.632461610035643,7.047752894299776,1.0899688108931649
angle_attack_deg^2.0,-1.5976476721012578,77.84824605153752,109.547571710483
x2^1.0x0^-1.0x4^-1.5,-1.8476031910539696,0.5538612582424097,0.8793875251972336
chord_length_m_angle_attack_deg_frequency_hz,-2.5420196669298782,1418.3585179551105,2110.3893069099513
free_stream_velocity_ms_chord_length_m_frequency_hz,5.176823131650772,20800.603629675777,36734.34938285986
suction_displacement_thickness_m^2.0,144.0775633519003,2.766722994014243E-4,5.994525793388897E-4
suction_displacement_thickness_m_frequency_hz,-7.5183251246846,21.240659687506234,35.40751132844533
suction_displacement_thickness_m_angle_attack_deg_frequency_hz,4.702330559836133,231.15085714128477,523.0025419039604
free_stream_velocity_ms_chord_length_m,-4.030002983698233,6.969295494596852,5.418806215967664
free_stream_velocity_ms_frequency_hz,-3.6448007939598925,152817.8586866168,194136.65947369003
free_stream_velocity_ms_chord_length_m_angle_attack_deg,4.272239500304263,32.95102749293435,30.82799905274264
frequency_hz^2.0,1.3919696260059133,1.823203703241895E7,4.355370912123798E7
chord_length_m^2.0,1.893917357606666,0.027583673682460435,0.03061799061186497
chord_length_m_angle_attack_deg,-2.0522278615034675,0.6358107730673337,0.5345085506004448
free_stream_velocity_ms_angle_attack_deg,-3.7240894810768728,342.4238237738995,340.702067731155
free_stream_velocity_ms_angle_attack_deg_frequency_hz,1.6424787077346223,760339.9867414794,1213676.2183634597
suction_displacement_thickness_m,-6662.826577271246,0.010641921767248553,0.012783653644447123
suction_displacement_thickness_m_chord_length_m_angle_attack_deg,-3.557520736566336,0.011259089980339759,0.020087724235698858
suction_displacement_thickness_m^0.5,-7.64384182814747,0.08816166088656693,0.05356718507603791
log1p(suction_displacement_thickness_m),6536.724960629308,0.010506878896973753,0.012508642097131883
