step,r2_percent,adjusted_r2_percent,smape_percent
0,-2.220446049250313E-14,-2.220446049250313E-14,4.4170377778709815
1,46.60308098921572,46.558620607025226,3.1665258320127894
2,52.35683001693931,52.27742473363421,2.935478490628983
3,55.733249999646716,55.622490825333905,2.800755829553155
4,60.40188876128331,60.26967470038609,2.646261095477853
5,61.89395512340381,61.73478200361853,2.5881660671302003
6,63.138720299503056,62.953797491641026,2.559037280468348
7,63.94939156628696,63.738216454122956,2.5121696231229524
8,64.98616639621258,64.75156784610346,2.4550791445119926
9,65.6978909917155,65.43911565133448,2.419838375502247
10,67.08053609754565,66.80436609836399,2.369536860722632
11,67.41169495788104,67.11071145203445,2.3371129695403408
12,67.81740917425387,67.49287884659928,2.3074796832936117
13,68.21047379920232,67.86290118304558,2.290735519020179
14,68.32530249095198,67.95203164488576,2.283519078988652
15,68.40291924513132,68.00363010332589,2.2731374677688074
16,68.91808015515034,68.49876251812032,2.259015073276297
17,69.6561202266531,69.22080718349117,2.2453639216414043
18,69.96359399072998,69.50695943991337,2.2292631751858654
19,70.2590654027106,69.78140035000689,2.2158649992493924
20,70.47138610680712,69.97174796986647,2.2056864631998843
21,70.60015688228624,70.07738236452843,2.204523592619052
22,70.70959151019116,70.16349914851676,2.1962125021259085
23,70.7151812374986,70.14389130404862,2.1951340997910984
24,70.75642747763362,70.16063313082819,2.1940125446054015
25,70.7935506048908,70.17319271629458,2.1915015351408904
26,70.79827800248206,70.15266169981584,2.1916328217814325
27,70.83337685250514,70.16316508656271,2.1930207207600163
28,71.57614171603801,70.89823027485322,2.1925562858715586
29,71.58588653160325,70.88340631797708,2.1905310321171356
30,71.91726016908248,71.19841870583373,2.1878479602776992
31,72.10520867093695,71.36674707298566,2.186343993805531
32,72.2852329265295,71.52722220315255,2.1818940528407436
33,72.28757541277388,71.50527429097878,2.180456514238992
34,72.29394169748457,71.4874297263497,2.180151384519243
35,72.30394474821082,71.47330041760875,2.1798728979074062
36,72.50772054505809,71.65890231145782,2.1785417250319106
37,72.56111560113345,71.68966605370164,2.1803803026851196
38,72.56644850287847,71.67085146087622,2.1795446867257504
39,72.57758377464614,71.65800145926453,2.1834821026114155
40,73.05836843349853,72.130945660125,2.1676696685380654
