y,yp_regression,yp_log,yp_sqrt,yp_recip,yp_boxcox
18.0,15.000958653550729,15.36044120398203,15.224023919711698,15.480954735326783,15.439810512382191
15.0,13.999299165216296,14.296179470795945,14.19427435843037,14.33375628479041,14.336159830596879
18.0,15.240446962864016,15.302179941301068,15.298985477197336,15.210951075412334,15.268778424015062
16.0,15.06190591899296,15.15766456730285,15.143836922884613,15.057653121758028,15.124342924196316
17.0,14.967177621937577,15.331678742407902,15.200857967598125,15.415836888794075,15.395834262706408
15.0,10.695623382299427,12.161666096191654,11.603498210902789,12.754554068213402,12.520422332093059
14.0,10.65535090035328,11.938649149338953,11.450927889394118,12.450017184463293,12.249568414304886
14.0,10.69318951263261,12.056901288040782,11.541788654354864,12.590324921701814,12.38240799364885
14.0,10.211409580064387,11.629931802917746,11.093222714237696,12.18970326425495,11.970801932438317
15.0,13.113193980836737,13.633932005264242,13.444321766934445,13.78277543702232,13.736254869567702
15.0,15.291861571745311,15.01124783270555,15.14342850118035,14.7886430812045,14.893611793456799
14.0,14.146902660181606,14.689785193593996,14.489156957960285,14.862193341817003,14.803356603371821
15.0,14.64696188805394,14.868860064665189,14.77671401239701,15.003214986131514,14.940561554644757
14.0,18.880153689237144,16.365683142634627,17.49887206894973,14.81695874454792,15.483503573899778
24.0,24.13062472271941,23.05642032185942,23.61666952882133,21.805137894319998,22.450837179466248
22.0,19.03847472516993,18.848375069084653,18.96031480032585,18.554371513395495,18.710912703058046
18.0,19.406436640905927,19.090016288641024,19.26013606855866,18.698570391267598,18.901387119944488
21.0,20.880680049861734,20.379538412644738,20.62031829099374,19.964924277780074,20.160298497289048
27.0,25.4573830154578,24.54483473849811,25.019531220502863,23.477856053148702,24.03101624837268
26.0,27.13648840978373,26.813433270156967,26.936506301626807,26.894694281155335,26.78851135942337
25.0,21.03963302647022,20.63976627347165,20.87316631590654,19.9759888715037,20.340234686753035
24.0,22.25408364976768,21.904015289943416,22.1067881733687,21.340916642624205,21.648083918054272
25.0,22.707440899237938,21.91947211260944,22.346439349827957,20.836859722193136,21.41778274344948
26.0,23.25050717417203,22.518956890348015,22.923584821597736,21.4722583574574,22.034533752406475
21.0,20.30053619941349,19.931620907701884,20.11587724812086,19.584183921130457,19.75279415370475
10.0,7.58306997463355,10.527898707758656,9.481998182278224,11.539986871982133,11.155965135922564
10.0,8.410740230032278,11.045886162738261,10.106026031738198,11.921747594166842,11.59935832825024
11.0,8.300372851047538,10.96600646601178,10.01865996802226,11.847681993410642,11.522696907760915
9.0,6.446967293046957,10.124233911192183,8.846158681058784,11.345105373318017,10.88377118763141
27.0,26.208155693408116,25.28159921810721,25.763385156665194,24.195967567993655,24.75958485872615
28.0,23.390539118081374,23.046929813397732,23.23421285297766,22.574926377903022,22.82766185870133
25.0,25.733083811576293,24.670417695754495,25.22504462365689,23.42460857845907,24.06900540351631
19.0,21.467838609489814,20.788438079210195,21.114281953227508,20.255958716694877,20.499312970719288
16.0,16.233648043030787,16.67364407508227,16.520324280497938,16.729108488108835,16.734444278411356
17.0,17.527939631437153,17.552036993316413,17.563819902897798,17.44862557952883,17.5093755501603
19.0,17.90615253389804,17.98889620593606,17.962793481253893,18.014216387790956,18.001293400282506
18.0,17.435253823375913,17.534650312231822,17.51827766601268,17.44340738469203,17.504767558209522
14.0,11.449753369249773,12.900321329037727,12.349477099872594,13.462957066268745,13.246996099921146
14.0,10.583855128565876,12.304093528200491,11.64825914420772,13.01283245619383,12.73011409153573
14.0,12.1499988880683,13.297743225034246,12.853670314710136,13.762385642615506,13.582632035023142
14.0,11.879502675153358,13.283145382495492,12.748259299143387,13.825109762225326,13.61894859288035
12.0,6.98211815567083,10.65980570596812,9.35134101453559,12.01264999445369,11.476582322110715
13.0,8.883218530787598,11.526951680705384,10.545209412898341,12.585857565078829,12.160219160952977
13.0,6.247689711058567,10.348043261362601,8.903821391633798,11.853676940673228,11.252393316549552
18.0,19.732415589309216,19.1410852450927,19.43051982794675,18.625642894825816,18.870817781681406
22.0,23.04541289908196,22.705835345845053,22.879989094221525,22.321613648826126,22.52056405988281
19.0,17.791931751954433,17.77574045407971,17.80397763875601,17.658655439329593,17.723146883160435
18.0,18.880845769355975,18.778022183657853,18.82947525776487,18.72700241527735,18.739543447530476
23.0,23.264216259635152,23.22496396162255,23.257480424906156,23.112697782226142,23.174229990369213
28.0,25.131160525247928,24.556250834404178,24.854809915073723,23.89099005137992,24.234934399975906
30.0,25.494439828604627,24.82891943985669,25.171500105448448,24.01140679261449,24.449491678889906
30.0,25.22718095587043,24.976180822908127,25.098683639162893,24.77688637984492,24.866125981730434
31.0,28.754570038696283,28.007326356090054,28.38327257826336,27.194595569298773,27.616598061343296
35.0,29.661932210793914,29.060230232363025,29.359394463146646,28.434902058472666,28.75683372637233
27.0,27.5355553544592,27.115613468443208,27.302865005349098,26.917208687143713,26.982966301295747
26.0,25.158034060705955,24.728248055600815,24.949921326029834,24.15469914397611,24.472490888574512
24.0,26.281018077141866,25.038189410449764,25.690089695867254,23.539161413798166,24.32084651676105
25.0,24.47954012560504,24.239957606997013,24.370178724370696,23.875518180838508,24.079654081677724
23.0,26.031527943311396,25.161551612817316,25.593616684019544,24.25061964503678,24.72049788753193
20.0,23.531352900099705,22.75940883623721,23.167577439376572,21.755359240400463,22.29279932337546
21.0,24.17758427301297,23.80515869288176,24.004497279155924,23.297722847079132,23.572606571754164
13.0,11.77971322636645,13.069024237713956,12.578440661834303,13.564860626789393,13.37617972325979
14.0,11.886365154076412,12.922730305909749,12.520510518113552,13.351857742041009,13.183483755306856
15.0,12.418075579765915,13.537284488890943,13.110343238163699,13.954246465833224,13.80032119597103
14.0,13.022334731792181,13.793834690713393,13.495051851221284,14.093431508058817,13.981259639867714
17.0,14.975866983742886,15.140263383977182,15.09785476189893,15.081030263189492,15.129112531009875
11.0,10.217812462197312,11.78526216854927,11.193864191143813,12.400108686585499,12.16006869862926
13.0,10.594006531512317,12.488430941571435,11.769512176261545,13.252949695283903,12.95115471689649
12.0,10.807056806657076,12.54302389988301,11.884569598306935,13.230538746113828,12.962520083472999
13.0,11.432846304121046,12.512820937784747,12.100433333856598,12.92798784568713,12.770713611564464
19.0,25.387177493322014,24.71656043219086,25.090082770645967,23.690543344298284,24.253669614384286
15.0,13.632153274630856,14.294622098255497,14.04948473717073,14.484237366135684,14.427776460607603
13.0,12.81807390802145,13.967167234268295,13.518188660820206,14.4499420275909,14.2604443807273
13.0,11.441323417787768,13.014733597265803,12.415167073667732,13.623701155508893,13.392115201876909
14.0,12.833858015979896,13.729826501035138,13.389140694801789,14.044202645416387,13.933591214034367
18.0,20.40479901613901,19.96455803069572,20.235870478904776,19.158625636608093,19.60140601675558
22.0,24.02910195618587,23.33583422755565,23.688853429104945,22.578127428853247,22.966637713901367
21.0,20.91375517342653,20.322210113686573,20.646824887198743,19.495367544037528,19.938083763391585
26.0,25.735010846203778,25.192777039663625,25.461178256634042,24.656966106157704,24.926369628760074
22.0,23.04318301968311,22.815980560177945,22.94860432979182,22.427803768095533,22.643556258469175
28.0,26.069664533464987,24.78093162508398,25.45988606069263,23.180951827441145,24.022598936230448
23.0,24.829727561939706,23.690801447998325,24.283999008484958,22.377235365348152,23.052771040843684
28.0,24.082322621723588,24.078565542545064,24.086714071784463,24.03869031998954,24.061708632260025
27.0,27.314301349931355,26.16989524014553,26.771862594506995,24.738123797637837,25.4955307166709
13.0,13.568033851521275,13.847654967954018,13.755375313908143,13.857572348458387,13.875250941331977
14.0,15.726639661693202,15.594730011766066,15.676908181911465,15.374127656262624,15.49136103251937
13.0,14.801661038859582,14.893582293769377,14.864783483417014,14.885203795759931,14.898074865790043
14.0,13.753544707088285,14.387987629946158,14.146623762827028,14.596399560642924,14.52791403178762
15.0,15.405979955675054,15.297719790129335,15.365037019771272,15.113186688460575,15.21198149342963
12.0,9.113164657801558,11.348836137037562,10.51653800875832,12.230652730486822,11.880373037197288
13.0,12.549467009316412,13.534965964048698,13.138763495912709,14.014950830702793,13.81301884763405
13.0,12.173425533603936,13.286197518411068,12.858179049739183,13.724857054513217,13.557183607100171
14.0,12.589071669502172,13.56716982587074,13.194543120445797,13.918105846707125,13.792530661204877
13.0,10.408426785178396,11.787950802546884,11.264653333927678,12.332846518652588,12.120340162416774
12.0,9.138956625186527,11.098029446845963,10.367937437673065,11.862339312535987,11.56106733339139
13.0,15.412096720177605,15.004525711705522,15.198334662410794,14.664786842332026,14.827647035314126
18.0,19.874515037642336,19.158757276510862,19.51295156888516,18.472222075415505,18.811805112200496
16.0,19.5611007964194,18.801972264302606,19.1656684921317,18.154043051033213,18.46589039649404
18.0,21.197683983761042,20.29067816493761,20.7285207250141,19.51414277542296,19.885647456907673
18.0,21.307479922804294,20.475845391292747,20.862265136053303,19.891411981021903,20.151271478921938
23.0,20.871423596965027,20.213797292516052,20.5385199694816,19.59030756095358,19.897667138288092
26.0,28.68457937209145,28.434877114503553,28.511597229519687,28.72734019232971,28.488588574441906
11.0,9.259953555130377,11.782340198519789,10.829816903970952,12.84903056238409,12.412616146220364
12.0,9.440058294942677,11.784318818454981,10.903190655964014,12.745556838640125,12.357943962225175
13.0,10.265125967896925,12.188770263437531,11.466244995097165,12.93718230185525,12.645733172248558
12.0,10.859846895642608,12.423922572480954,11.839515946378897,12.99482486537341,12.781292805237369
18.0,22.127058915436887,21.142985716951305,21.61731548213474,20.321879918414,20.709712603462716
20.0,27.10765985555199,25.665525615578506,26.42828641013212,23.83266909041167,24.80314946649613
21.0,24.632564477927097,24.116217869551736,24.37152609037304,23.603611254812954,23.862055509740486
22.0,26.375961135792977,25.05708037869085,25.750904841130172,23.440834878293394,24.2872741595492
18.0,27.59026112073756,27.110642331890492,27.369127477962923,26.43377845672666,26.803374891906884
19.0,24.56264012645552,23.970557740738194,24.28279360836489,23.18581520453478,23.610777427389163
21.0,22.448132256372862,21.63303274527454,22.052644389440044,20.712764929060356,21.187120840013627
26.0,25.476133888843002,24.789428388682396,25.15264405817995,23.89663507487915,24.375044382922397
15.0,14.193100959500189,14.540664914108461,14.40687848652092,14.662331949651975,14.620317051052771
16.0,12.196107947228217,12.655884206493292,12.498862718161222,12.736104285962188,12.724019844724882
29.0,28.473234115390724,28.444093617418822,28.409015685113214,28.97130766448414,28.612927553544164
24.0,26.781245283137928,26.345212503711934,26.549127674842843,26.08285767540256,26.183094574735705
20.0,23.60437753001186,23.11011726819784,23.375583318762505,22.476064210728552,22.80957026972623
19.0,21.65696035324782,20.87951845637755,21.310817845481125,19.775472688144,20.365122745035148
15.0,17.732304602420246,16.880529983676855,17.27552973720729,16.247539547913387,16.54056222728918
24.0,22.91659991088313,22.127141033652958,22.559745587778902,21.03320537012849,21.61728153175018
20.0,22.85694927024371,21.101877904680535,21.984518064791132,19.3871124255777,20.229369341797117
11.0,16.144809375018088,15.404665366687311,15.748049442987282,14.84351382739681,15.105937780581533
20.0,20.38062360138456,19.78161924172739,20.07992018433352,19.192545310981288,19.48583370209009
19.0,22.233314571198736,21.135671653233633,21.666085474887836,20.200891865099468,20.646413572502958
15.0,19.855803118993304,19.107640759968323,19.465806542517765,18.48156539554352,18.779978887457222
31.0,29.986245252681403,29.31725127014466,29.651646411596445,28.6140161596882,28.975905710370537
26.0,24.324176729854504,24.058768290339728,24.195377432741513,23.761071219682577,23.914268427627608
32.0,30.7601750151582,30.03681278111438,30.408567092492667,29.113521253598766,29.61932440496256
25.0,24.21820400834366,23.93720955981839,24.072868371752087,23.721860574026614,23.817372384541564
16.0,16.97485380713231,17.056993078247103,17.0460306489352,16.965765898145442,17.025848718696757
16.0,18.00971581933693,17.523927735362108,17.76780584556039,17.031368842689687,17.278150964379016
18.0,17.440058364051954,17.40602966836926,17.454941931804353,17.177393081531562,17.309553521461524
16.0,13.772245736847065,14.39616954988192,14.160736438124598,14.59281855563915,14.52999876958923
13.0,10.98549689757954,12.67612735135954,12.028182688570235,13.372316700654515,13.096766286139479
14.0,11.834978961690727,13.229512253160983,12.698054037503008,13.767928897025342,13.563168565868141
14.0,10.715797844968886,12.647655550332404,11.917142220851833,13.402978432793084,13.110763685238247
14.0,13.012400305440298,13.761454906718331,13.481483694475319,13.985252288041742,13.916844294484946
29.0,26.723946410992937,26.0678578904511,26.40584159328641,25.286599840720267,25.699442974067125
26.0,28.193926758954504,28.187250455529686,28.151617713788653,28.65034727543055,28.334907037957112
26.0,26.10325729654602,25.77672230939576,25.932747048885215,25.54899842662328,25.64447361915679
31.0,31.92807295168526,32.412662866526,32.064456426282625,34.46237135746973,33.11413968353916
32.0,29.824410392950117,29.254917983223557,29.524753850983583,28.84517266759618,29.024481095792847
28.0,25.721658322163325,25.877677224540086,25.780474625406534,26.277995607920655,26.03358099071562
24.0,27.338433393667827,27.033522004828637,27.17194206614734,26.8815896195406,26.932459704819987
26.0,26.841438384626187,26.587296816203974,26.690251393794384,26.65386030165668,26.56048939359777
24.0,26.481619574759257,25.226641525585347,25.884650687852492,23.726814471603955,24.505918843709452
26.0,26.985420598876644,25.80306147102388,26.42453492869204,24.35508239064409,25.11410879112506
31.0,27.99467507241164,27.903617364216654,27.916658883828667,28.187588419996736,27.980781137040985
19.0,20.579495710821543,19.902587110464093,20.229071031783107,19.329485547475702,19.602129833332494
18.0,19.644936899596086,18.958616919477628,19.291504439662813,18.360262375843792,18.647799838950192
15.0,20.78200302245877,19.907007983636305,20.30387553633963,19.32699732836001,19.583744070473905
15.0,22.435027155870156,21.391561876659885,21.868019265452155,20.72483169631496,21.009585610380356
16.0,12.350996708426766,13.244240839034882,12.894403383859217,13.627814889000668,13.4749122171557
15.0,13.45751461744199,14.06120080821572,13.824039328333615,14.305130974342104,14.212775225567603
16.0,12.400891698670836,13.466667760622759,13.060121683967076,13.858865855320937,13.715644590632444
14.0,11.981401492094495,13.262553014442714,12.764592899924779,13.804123737797415,13.589102581153476
17.0,16.684671696931265,16.47368593343814,16.604121447013686,16.087840972188626,16.299446425772427
16.0,17.010745487329327,16.897171733986013,16.97595648359532,16.64475171053279,16.78417573158356
15.0,18.206608082662942,17.580545496753125,17.88734069027482,16.99009675823431,17.282204979602877
18.0,17.448246615729662,17.35513671038353,17.423761467324734,17.117215640352942,17.250768641329152
21.0,21.820686335960392,20.72407333297281,21.26155149531534,19.733040186084434,20.213331097435027
20.0,20.151558998424466,19.11963448497589,19.594159794863963,18.395899476969596,18.722940228925136
13.0,20.841099506962262,19.364301027087304,20.051543615306016,18.302087374678358,18.78302051050692
29.0,29.287039258359094,28.6475412656958,28.962360530689516,28.090111925670666,28.352079682209123
23.0,24.205385322922243,23.770975684026933,23.99402763012984,23.283486814933834,23.53471761993039
20.0,22.89992468498232,21.69802096660783,22.280468752796015,20.66975632738111,21.15955953359457
23.0,24.715284841226744,24.186808764426395,24.4526352703595,23.62726864460407,23.913437665311044
24.0,26.0280474081832,24.91671136429767,25.490692464184587,23.697952165362988,24.31462820997361
25.0,27.493071496147337,27.163254475753895,27.311602453139695,27.0084389259415,27.05776250858298
24.0,27.0111018553606,25.530073595105705,26.312570183265212,23.696344324661762,24.656971557511444
18.0,21.163097054093672,20.635293303085245,20.904929355015494,20.073020979529016,20.357271097368905
29.0,29.16015945623066,29.361198011689517,29.201133009160117,30.360380037527747,29.70708809472335
19.0,21.22722107654236,20.38602624750674,20.784312226390888,19.726437308464536,20.03328747378808
23.0,24.41349693055603,23.6706821440642,24.064800028118757,22.727945906724674,23.22627433572111
23.0,23.090111421981497,22.375096557558983,22.75254065471942,21.49011015168143,21.954800451597464
22.0,22.81674454840565,22.203928312585887,22.537717431699235,21.37816316112178,21.816528979549222
25.0,24.221887149111986,23.253366705304295,23.779293565442128,21.93387364151554,22.638031655750616
33.0,32.09569464383688,32.381811408637766,32.14794087295707,33.98899985749845,32.91631942346854
28.0,26.686982657191443,26.049512475630863,26.3763865991249,25.327322365751247,25.701769430425095
25.0,28.64327193463737,28.035172236361174,28.33761002138914,27.43292961204986,27.73457026772621
25.0,25.06814934997136,24.64791328659171,24.86500545313734,24.173279751796894,24.417176964624776
26.0,26.73078129206239,26.42320950853167,26.574396400050283,26.089271420849947,26.267174166262606
27.0,28.298546429886272,27.87463150555515,28.08024219328626,27.513303383441176,27.68460611293677
17.5,14.77382297423829,15.036651733618232,14.946752181060466,15.06403455815973,15.070140092880234
16.0,15.024805985545516,15.035164109227267,15.051925888902302,14.918093707616123,14.987655720241507
15.5,16.803401449091066,16.488786071745054,16.63116339592812,16.271194490666428,16.370315363014456
14.5,15.469493687976094,15.215693598074372,15.335195173932021,15.006258581013308,15.107025737385259
22.0,21.397862509960095,20.527575208965978,20.949117965284913,19.780127412160798,20.13699109994908
22.0,20.961094420187788,20.1035945328918,20.515482543006076,19.40368777872358,19.73142353196402
24.0,22.83057359188121,21.917821014700667,22.350860350666032,21.20195628603263,21.534286207091498
22.5,22.842068725565095,21.666369382149902,22.22800082590411,20.71862773134907,21.16238799572656
29.0,28.71669963745743,28.669954899908173,28.64891870024247,29.04869532275907,28.796217621990422
24.5,27.99652467018135,27.647813116168905,27.80186696863597,27.425722442736543,27.527540687413833
29.0,29.927047301845946,30.234383158985086,30.010310208401226,31.504036130327744,30.680959017839875
33.0,32.83840973795471,33.35831564556329,32.987256237792295,35.558155184003375,34.10639423669361
20.0,18.87703679797718,18.394078896069836,18.638094769494145,17.894324675727304,18.14581922203031
18.0,20.511754672607548,19.600833127401224,20.019487204489735,18.949219057330136,19.246922263195614
18.5,19.122896952149947,18.48091620457162,18.797314688703935,17.883362662963894,18.17569277968671
17.5,22.591518222461442,21.265914369822315,21.897196594013295,20.215563983212622,20.704456853455014
29.5,30.613306847676164,31.28778178917258,30.844165938495937,33.572129441172,32.09232864073724
32.0,31.13619762580429,30.852293601288,30.969116536421023,30.871568642841655,30.80830231773743
28.0,30.173626965998398,29.612178215942464,29.8854967639622,29.155685913761467,29.363854159083125
26.5,25.34774194848111,25.47568921447209,25.37757494175348,26.08443257422038,25.6866257042278
20.0,22.448285552638666,21.666216380861847,22.08710251094116,20.652236416083568,21.18652109708724
13.0,16.659432002570608,16.021024839863493,16.316745567153955,15.531508423761956,15.762159506200547
19.0,22.20933012432478,21.137871236191337,21.69613109389976,19.86269463897227,20.527057801300398
19.0,24.711427662044194,22.752120504779626,23.74155751434589,20.81093317293447,21.76714554129898
16.5,17.655413543063077,17.205243785738872,17.458976076302474,16.57265156875169,16.9061227620827
16.5,13.85034575845901,14.002675640285066,13.964905675969229,13.940833397662738,13.989220513694463
13.0,16.53964232675715,16.02118066032955,16.2532077500533,15.680334899338284,15.833188375248904
13.0,17.278344134053906,16.587497606395477,16.901112355339805,16.092262065006313,16.322132657650055
13.0,17.921590701756973,16.777194989295733,17.30040758844595,15.961893884205864,16.336496748739957
31.5,31.94430733148388,31.625141376875458,31.761060715096843,31.591828074128312,31.557990991719667
30.0,28.13698060303336,28.22010954396945,28.14135371280747,28.753221150913923,28.40612695250204
36.0,31.742008178506786,32.19772527242686,31.879601814110433,33.84884342269219,32.79295013148525
25.5,27.202281170754087,26.722380784105198,26.972713185233008,26.09681819203527,26.43719237822683
33.5,32.16218708897444,32.15398706996642,32.11381228354975,32.71089552336871,32.327668826985274
17.5,17.568356550031215,16.75725793995759,17.133594358707484,16.14560832925077,16.43089581931669
17.0,16.624757767175264,16.234442288380446,16.414920947594076,15.903487454916489,16.067501078617315
15.5,16.240439641332753,15.78646582237571,15.998423980571959,15.423208102712925,15.596770557542035
15.0,15.269590784259531,15.33187219349176,15.319745066925003,15.27643173398399,15.315284810314989
17.5,20.699040222445287,19.6471899375928,20.155893879680516,18.73913399307575,19.17478815007128
20.5,21.061100754403743,20.021026129852267,20.52680297412322,19.09708714974199,19.54453574464024
19.0,19.763764387273735,19.047992376459863,19.39845779244259,18.385266044760833,18.710723893347364
18.5,21.079580915832718,19.902598123583374,20.463046346194513,18.938659644086766,19.395879893385874
16.0,16.551171728775774,15.530396011664203,15.980172770903541,14.902585831119543,15.178721024769242
15.5,16.10614612230661,15.477155837973768,15.767765422002194,15.006590767771243,15.226045194306304
15.5,15.790519151926876,14.876484265048358,15.276865139908265,14.311366926900114,14.562352700220782
16.0,15.63121351606831,15.232341675123031,15.410479972423916,14.951378798044383,15.082599720665442
29.0,30.686230953475516,30.8779063531281,30.725526153772517,31.809407269619783,31.2034176151488
24.5,25.10657281738121,24.601844010997354,24.856866048651,24.0844395232334,24.343396531137977
26.0,30.35729137921501,29.585119501722392,29.980757412042138,28.69825333957677,29.16188546297297
25.5,24.75754377336494,24.30766443680612,24.53994956399507,23.796331317514902,24.060042553996187
30.5,29.017074043903136,29.382562422770363,29.127645279676678,30.67291224551928,29.85350992448311
33.5,28.43404069565723,28.396538836777534,28.392636045451948,28.574235696173055,28.454090318413584
30.0,32.16059617533357,32.23100873818383,32.13648619010744,33.130513600907044,32.51735224789513
30.5,29.03548976878546,28.985634668140285,28.974486493890442,29.397704970057685,29.10607883486607
22.0,26.113645641457616,24.40481872224679,25.27002723295038,22.689884172217507,23.537957906544115
21.5,26.211442220540974,25.331060396324833,25.805098979490054,24.140014755889396,24.77868949421881
21.5,26.594755520534484,25.61157637351712,26.159358383597766,24.095410266622334,24.92852075652101
43.1,32.07896736744591,32.41066948462328,32.15433969953987,33.93097624495528,32.943281408034274
36.1,31.132481002283864,32.23627834878429,31.539085094666575,35.58951416322333,33.429929114229786
32.8,33.029346300572655,33.39792330482605,33.12366594372547,35.02433286962442,33.96099048351391
39.4,32.248740851229456,32.00190661498018,32.10424225827047,31.968793173804507,31.952756820292137
36.1,34.10835102895077,35.03008910957446,34.42840395811846,38.189190794044684,36.124404003304114
19.9,21.592975172209666,20.06017289096143,20.77768246396154,18.91518867348105,19.441823331975208
19.4,19.657667697221516,18.175947904347446,18.858702131876235,17.130646454160622,17.604353448741435
20.2,20.39227536682448,18.80323879605557,19.546065928171366,17.626975368325958,18.166111159306784
19.2,21.285053086782792,19.98925381402165,20.61819655641368,18.838858377271503,19.396957449075515
20.5,23.21736022575777,21.944446510985788,22.56938774247413,20.767113573918827,21.343889359530095
20.2,24.423557901566785,23.45231217099534,23.91445549632282,22.720659467916803,23.050078798794488
25.1,25.719628779123237,25.312799944139705,25.515565482612125,24.927351812397198,25.115034307940284
20.5,21.769057825549705,20.66073322994574,21.19816861797976,19.69143969966568,20.158468798534045
19.4,23.502128321455725,22.277147300050416,22.863708917039993,21.295364907155427,21.752112889337614
20.6,22.014571963081526,20.891066506249917,21.437842235524325,19.906568161447762,20.379526036565924
20.8,23.81630159932791,22.80473847116548,23.288864800854952,21.99668561774581,22.371838745933513
18.6,20.490341895248324,19.355821002261177,19.910930163903547,18.309713957113225,18.822725395457866
18.1,22.04686279195288,20.649013328481004,21.3325583650493,19.41375806884521,20.006929238237785
19.2,21.321222060644335,19.366455165208592,20.29226086518462,17.867089484443184,18.55836845524413
17.7,20.383308476618257,18.868462393790363,19.637617702027413,17.346032989654738,18.096948611578412
18.1,22.62637986557046,20.682842426739843,21.614137073910957,19.15024949939893,19.85813228248714
17.5,17.464410644266987,16.633338878332307,17.01046762315579,16.052939882990227,16.318660562905176
30.0,28.969502568219713,29.27532113658079,29.05934349319824,30.37279724336349,29.67741333652368
27.5,29.27303383552558,28.248006622547912,28.784335177663724,27.0440345893723,27.665373408898283
27.2,30.664236093437275,29.79045320191217,30.25772262853362,28.604315926624935,29.245324720051663
30.9,28.343409133363576,28.629488051634013,28.43158035748829,29.62668188373853,28.994085668290538
21.1,29.61271129140532,28.551070486514313,29.110310051060374,27.253039862087643,27.931385090175937
23.2,25.692687132014317,24.736710666671275,25.243302398713805,23.498784039915083,24.159117757620585
23.8,25.292605278628155,24.663522746948892,24.98176615141503,23.994248301209275,24.33528513226038
23.9,30.000576704370992,28.99521627624782,29.532683090573187,27.648098250205006,28.37198253016451
20.3,25.547208144041228,24.22751895873119,24.914322976368265,22.679514210754842,23.482596429737725
17.0,23.125289370568552,21.57360550114329,22.364873183414137,19.951976146398778,20.764106198132367
21.6,25.848690645995,24.546656169016643,25.249748338914735,22.779577186388693,23.724282774657024
16.2,21.41895534375434,19.842480060529798,20.64045776548656,18.244766523188066,19.038359618930908
31.5,31.10502465654011,31.549406103520376,31.244732493179008,33.1343345652803,32.11638932256681
29.5,31.959322010847316,31.91666745445053,31.888641154007242,32.55495609230192,32.10318239168581
21.5,23.437598722081358,21.957972194526352,22.692378167868487,20.566741675392965,21.246117480951188
19.8,25.205861506560748,23.925173908388317,24.549126691153376,22.809496051374687,23.343200861943668
22.3,25.522908172325902,24.902147718668342,25.221208946722367,24.184207439353166,24.559156899871216
20.2,23.97740445087167,22.595644510023373,23.26261848637999,21.44354732784919,21.987071805024726
20.6,22.755156596050934,21.364495603521164,22.050208538630432,20.076813167462355,20.705005359201227
17.0,19.81680073638405,18.290801537392813,18.9920252472207,17.21669823008825,17.704483665364734
17.6,20.357428263441424,18.878038877542057,19.56275929150157,17.824942927815883,18.302102265057787
16.5,19.674609359676477,18.12860692661093,18.829101300830803,17.122778020194136,17.56572262308936
18.2,20.039313650202207,18.358922455799984,19.132082251208736,17.182262138388857,17.714387627357407
16.9,16.881535613255853,15.897631008250928,16.334505565059505,15.257301926137227,15.545909466903943
15.5,19.054507908577225,17.546468804551083,18.22593699894914,16.568471607585288,17.001447251914367
19.2,20.634691858393463,19.107669320095138,19.82459340978179,17.939688105511486,18.48239924938383
18.5,19.731251905921273,17.986412203366463,18.782534752954312,16.822226670298104,17.33895099018242
31.9,32.20409190083167,33.079909675227334,32.51771168610211,35.83972396596504,34.06258741991006
34.1,33.445241166511586,34.19913065171781,33.70218394960827,36.808196067765365,35.109123667386996
35.7,30.90142267034353,31.585030603706258,31.151966022138378,33.51158169875256,32.30409677945816
27.4,26.5194652143373,26.413923676027316,26.446802426259417,26.55575946233737,26.440365207513807
25.4,23.579872189247503,22.292319871771728,22.92002857218458,21.154834009917096,21.702621106658263
23.0,20.569569498715605,18.622973789756603,19.5069852852496,17.350471385828794,17.911778114085454
27.2,25.919219531562895,24.403391180231715,25.177518571485436,22.72566264711657,23.588099273972105
23.9,22.86655646462732,20.795621713710997,21.76812309164308,19.23702098413203,19.955414750388794
34.2,29.268410244552275,29.987846528684816,29.52877718371247,32.16362742293919,30.776040016225732
34.5,29.729091339576563,30.30329559805547,29.926676242896285,32.12389700359322,30.965321347806405
31.8,33.4563169231842,33.60556017659582,33.4767378816662,34.42227956586699,33.89303109154979
37.3,31.007009667122816,31.497394337458346,31.16269518450028,33.26004650663925,32.1225491966052
28.4,27.02739892264766,26.493015083389842,26.75820718366981,25.985567607893017,26.234263766504824
28.8,26.16141865624873,25.118061441187127,25.65053510144414,24.01041041556277,24.569384077935254
26.8,25.610565440837266,24.40145569353409,25.02165973492456,23.07513990307027,23.75176465194664
33.5,27.53982752264626,27.37798475894424,27.43400357329546,27.55846845782714,27.402686863072237
41.5,31.687757234110585,32.13798812449658,31.83145252529236,33.72370592449471,32.70533555837905
38.1,34.67584781857703,35.445295020454225,34.94347590573043,37.94382415170286,36.33686417259081
32.1,30.583161316250898,31.28765047085684,30.83377933788077,33.41731945406578,32.0665362193314
37.2,34.00784694096435,34.776181938211714,34.27449072604639,37.32416995495755,35.67633272392333
28.0,27.766667172580892,27.214271843837906,27.488220956417535,26.68321122597085,26.94561576311779
26.4,26.467622388884916,25.753058505055417,26.12036055422623,24.911806622845496,25.354825127343233
24.3,25.95267608638225,24.927581058048396,25.460678421905186,23.674765764767926,24.33756131965076
19.1,23.878206507687207,22.479675012626146,23.157207688024247,21.285172783622457,21.85414171979263
34.3,31.437734814583543,31.61858557763596,31.473885937451623,32.48463683819412,31.92490642815652
29.8,29.986502949372515,28.999301958801308,29.514306318888412,27.8504146716761,28.44244855038754
31.3,31.217496111213926,30.597095721203,30.901687696904222,30.091832995731487,30.318910245351226
37.0,31.407188106715836,30.757132314305174,31.0961354666709,29.97393214296619,30.384644324330875
32.2,32.586733979253545,32.68903246300779,32.58085272084386,33.62036441390705,32.9875822971627
46.6,33.539572749284574,33.90948677271152,33.64709312819157,35.34309584112919,34.41759354742989
27.9,26.652835672908534,25.95873413283871,26.322843090870656,25.10183500052488,25.553951732470967
40.8,33.62442569536488,33.82858664529296,33.668066128042085,34.765026158952026,34.16239202145943
44.3,32.949223551267465,33.510436780704914,33.11982586342304,35.589571081817496,34.24894818193225
43.4,31.491864378557082,31.355229569391902,31.37443850690672,31.747785214164058,31.465333733842748
36.4,27.005456400318266,25.98088828005395,26.48649759567742,25.015449463831693,25.49074690839826
30.0,26.20710488631228,25.081088430067528,25.64333718763596,23.96134312308955,24.520521712200214
44.6,34.95803902574223,36.44426762931411,35.505619017207124,41.3405258719483,38.106929113349736
33.8,33.505988606913824,33.73983687441486,33.55714295538783,34.87133389924152,34.13073227672477
29.8,33.73009693844704,35.17835428226327,34.26162373507664,39.866032919849154,36.78946392650745
32.7,27.345558568106526,25.174468328185746,26.317182785748457,22.686575497059955,23.947919551061116
23.7,30.67926574014752,30.509552376911,30.602127950879364,30.20233274728189,30.385087864019884
35.0,29.68930983903015,29.260796140017295,29.466290946905243,28.946629832756756,29.082632956238385
32.4,32.60087719224277,32.525458522479916,32.521462050509925,33.02457162475091,32.66344676917237
27.2,29.453475904082847,29.400961164730223,29.39019978169588,29.80209032824661,29.519666892703864
26.6,28.889472998153654,28.59609263842185,28.717887233485616,28.60555910755914,28.546776553300077
25.8,28.789301037355624,28.536276462921343,28.64013107398714,28.58238307699697,28.503246486916026
23.5,27.01084268144192,25.92463137702664,26.47729883669926,24.783243085787227,25.35813117793135
30.0,29.90763811350448,30.313385846919587,30.035410416019335,31.79038544827403,30.836653348513426
39.1,36.48744349839976,38.515291397596485,37.24689846678833,45.18221335990584,40.74636396132749
39.0,32.85555202152729,34.30544458667666,33.3982762360752,38.6665197958934,35.846129314784704
35.1,36.3965016097817,38.44317191024785,37.1628073027148,45.22261052208333,40.702004138375564
32.3,34.758569588994405,35.47874468484848,35.011496563967285,37.771172813813585,36.301498896058014
37.0,35.265309399634624,36.05527128493875,35.55415363930498,38.31084534312658,36.89295129529677
37.7,34.740982891994946,35.72028718407448,35.091091468617456,38.88139432185858,36.8320794240251
34.1,34.99513154512529,36.106687283909366,35.402873632132945,39.572638298193446,37.32798210749967
34.7,30.928481884236064,31.949209832966858,31.29675246914848,35.17559309630194,33.088531252741184
34.4,31.960646056974145,33.06127615466902,32.363083858344645,36.41968879249017,34.25959273417059
29.9,30.154432791293477,30.169503375174173,30.11693999884255,30.64049478970578,30.334342810249847
33.0,32.27360779126533,32.98177885303109,32.517157945638196,35.3527202833566,33.81948354753114
33.7,33.60922272966118,34.1611433215645,33.78922823135648,36.18697942501613,34.863615023861975
32.4,32.91613430974121,32.876990048394276,32.85627249174182,33.38835461407336,33.026217434423934
32.9,30.834434608244464,29.90401359939995,30.407735555901663,28.571335676053938,29.30001886418742
31.6,31.447594568089677,30.788790454349748,31.11666695594942,30.187779409038964,30.47383697115386
28.1,26.654709164889013,25.44011244773233,26.063286967540666,24.07690738624842,24.77953565491064
30.7,26.204066046211032,24.725021512540124,25.46032129685538,23.304170327896554,24.005217492137234
25.4,28.528980993661072,26.5740330329591,27.601169602150918,24.325793996541147,25.47000705197894
24.2,27.925941958493333,25.810177240489274,26.928520302575613,23.303257779013283,24.589209948277556
22.4,23.955542756884558,22.46020576240129,23.200540695792753,21.074792664078632,21.747955439886972
26.6,23.672016675038083,21.232432429303106,22.37604188242609,19.51476809410291,20.277020280891332
20.2,26.114736969800706,24.86055425375473,25.47438595034449,23.76778670759841,24.287455916964824
17.6,24.000706000907808,22.895980328175966,23.41914273580669,22.083120823337097,22.446101641924574
28.0,29.248574977818077,28.659245624063676,28.968035085763297,27.80307062028447,28.28839456001324
27.0,28.941407620582805,28.442797665499576,28.699312761490116,27.77365905114903,28.1474367281821
34.0,30.479202749960795,30.30182641360036,30.376829455611787,30.17637884622873,30.24361642816691
31.0,29.21969186211926,29.140738085614018,29.154835517173055,29.324162414668816,29.19113864020441
29.0,30.00182981462019,30.002153931890707,29.960540989148452,30.512522387766715,30.164911514867832
27.0,29.0200558123147,28.39827684227242,28.71203449108947,27.71548253159724,28.07048842729565
24.0,27.79675445971049,27.25869703825392,27.530091979819783,26.68129720227152,26.978086524866427
36.0,34.47256300483548,35.78836439400651,34.962490045783554,39.81326981465833,37.20482570069023
37.0,35.66420933149267,36.70390044181772,36.05282175108543,39.69341804406473,37.792673843959264
31.0,35.97193621535698,37.252662042706575,36.45472309355559,40.99987009298284,38.59434114618244
38.0,32.24580330029104,33.68164985186775,32.774656967444024,38.28698618306877,35.26802965818905
36.0,32.197372964149075,33.0715098712592,32.51492874535533,35.62965456954618,34.01080222169141
36.0,34.730033655004725,35.24713862497653,34.915046664053165,36.82063667298248,35.82033359145619
36.0,34.40042320843118,35.22672482976504,34.693504842785096,37.950637291867956,36.18010181581595
34.0,34.439494849392744,35.03594899040733,34.63952738800027,37.10237788177949,35.76380471266333
38.0,35.81176039692704,37.486415483774365,36.437524839200066,42.87990155948923,39.32106521551495
32.0,35.86816348375445,37.45105891511985,36.46066976441008,42.44402400503071,39.168988271944265
38.0,35.71423010099367,37.14047665821857,36.24685175401512,41.56722646050379,38.68199727318582
25.0,26.802679147525954,25.244529340173788,26.04852249173834,23.49060045581964,24.39089901425733
38.0,28.433167361490884,27.06764857038907,27.726339490870018,26.09820132615364,26.505312079054733
26.0,29.774722818048833,29.652483888270446,29.680888563858627,29.961244504839687,29.725599372522446
22.0,28.358620538479993,26.801536347714872,27.59923421244822,25.16732027861488,25.983359409890546
32.0,31.754182532290784,31.11930302815626,31.44616815163419,30.46292534495601,30.783865313018225
36.0,30.76357902624888,31.338794417341386,30.959130213082485,33.26327406907994,32.02417178479809
27.0,27.5717333950376,26.90794184765343,27.243784269347138,26.19373113616716,26.559909956105443
27.0,28.319553909223625,28.06247368344934,28.170024270499088,28.059991795736394,28.016004559897006
44.0,34.46457181470949,34.9588749907338,34.622811911828585,36.53227193762061,35.55162063100522
32.0,31.136326107402102,32.004546221086855,31.449780520083277,34.75910959057676,32.977488515761436
28.0,29.35024371952804,29.080952832792207,29.196179332483478,28.979416274411683,29.008324251539808
31.0,28.728921191006574,28.210898813492427,28.470409907930822,27.612709890592686,27.93415176391204
