model,split,n,r2,rmse,mae,invalid_predictions
Regression (no transform),full_fit,392,0.82147807648106,3.2935514183022008,2.4993098325008716,0
Regression (no transform),test,78,0.7834799287078413,3.5275843317146545,2.6310893131675366,0
TranRegression log,full_fit,392,0.8561983864889552,2.9559735840082517,2.1016134886834026,0
TranRegression log,test,78,0.8215771467029307,3.2022376866054576,2.284788663086381,0
TranRegression sqrt,full_fit,392,0.8437096260112962,3.0816604478312195,2.252035953621519,0
TranRegression sqrt,test,78,0.8058542509721452,3.3403522520665723,2.4257762134624445,0
TranRegression reciprocal,full_fit,392,0.8489944462788639,3.0291105896111556,2.1365116936161033,0
TranRegression reciprocal,test,78,0.8069023612341911,3.3313234799472125,2.273860888243283,0
TranRegression Box-Cox (lambda = -0.50),full_fit,392,0.8612011547992428,2.9041001923193144,2.042737146609934,0
TranRegression Box-Cox (lambda = -0.50),test,78,0.8279177592643596,3.144824038465958,2.2159714480454396,0
