row_index,split,cv_fold
310,train,0
176,train,0
52,train,0
335,train,0
37,train,0
124,train,0
309,train,0
362,train,0
79,train,0
55,train,0
161,train,0
326,train,0
35,train,0
233,train,0
257,train,0
320,train,0
170,train,0
289,train,0
25,train,0
327,train,0
104,train,0
308,train,0
159,train,0
20,train,0
212,train,0
266,train,0
42,train,0
113,train,0
154,train,0
46,train,0
29,train,0
367,train,0
78,train,0
301,train,0
64,train,0
277,train,0
279,train,0
175,train,0
234,train,0
76,train,0
15,train,0
339,train,0
377,train,0
146,train,0
213,train,0
4,train,0
364,train,0
236,train,0
156,train,0
330,train,0
290,train,0
220,train,0
67,train,0
210,train,0
65,train,0
17,train,0
44,train,0
238,train,0
80,train,0
41,train,0
127,train,0
333,train,0
97,train,0
268,train,1
346,train,1
138,train,1
32,train,1
283,train,1
244,train,1
275,train,1
240,train,1
51,train,1
58,train,1
251,train,1
292,train,1
63,train,1
386,train,1
164,train,1
306,train,1
211,train,1
342,train,1
239,train,1
295,train,1
152,train,1
259,train,1
347,train,1
181,train,1
148,train,1
172,train,1
361,train,1
375,train,1
312,train,1
99,train,1
195,train,1
378,train,1
171,train,1
177,train,1
150,train,1
351,train,1
128,train,1
62,train,1
209,train,1
193,train,1
53,train,1
112,train,1
237,train,1
241,train,1
22,train,1
91,train,1
117,train,1
135,train,1
75,train,1
313,train,1
137,train,1
353,train,1
303,train,1
267,train,1
203,train,1
167,train,1
254,train,1
13,train,1
74,train,1
230,train,1
356,train,1
248,train,1
125,train,1
85,train,2
293,train,2
228,train,2
151,train,2
130,train,2
2,train,2
47,train,2
139,train,2
381,train,2
322,train,2
302,train,2
374,train,2
365,train,2
216,train,2
36,train,2
89,train,2
387,train,2
199,train,2
307,train,2
153,train,2
184,train,2
389,train,2
215,train,2
174,train,2
105,train,2
165,train,2
218,train,2
276,train,2
185,train,2
280,train,2
40,train,2
122,train,2
337,train,2
118,train,2
155,train,2
366,train,2
136,train,2
205,train,2
286,train,2
385,train,2
243,train,2
191,train,2
10,train,2
357,train,2
26,train,2
111,train,2
93,train,2
242,train,2
131,train,2
87,train,2
314,train,2
348,train,2
0,train,2
182,train,2
391,train,2
256,train,2
250,train,2
6,train,2
126,train,2
30,train,2
370,train,2
121,train,2
179,train,2
168,train,3
188,train,3
219,train,3
160,train,3
232,train,3
358,train,3
5,train,3
183,train,3
311,train,3
231,train,3
272,train,3
27,train,3
247,train,3
194,train,3
12,train,3
115,train,3
269,train,3
317,train,3
271,train,3
382,train,3
140,train,3
192,train,3
86,train,3
100,train,3
376,train,3
201,train,3
229,train,3
1,train,3
284,train,3
129,train,3
252,train,3
285,train,3
134,train,3
82,train,3
21,train,3
204,train,3
132,train,3
208,train,3
157,train,3
300,train,3
180,train,3
332,train,3
281,train,3
145,train,3
56,train,3
325,train,3
379,train,3
264,train,3
39,train,3
214,train,3
296,train,3
57,train,3
50,train,3
324,train,3
83,train,3
298,train,3
390,train,3
287,train,3
8,train,3
107,train,3
221,train,3
328,train,3
258,train,3
81,train,4
9,train,4
227,train,4
162,train,4
24,train,4
90,train,4
341,train,4
18,train,4
372,train,4
66,train,4
369,train,4
73,train,4
43,train,4
380,train,4
102,train,4
305,train,4
163,train,4
354,train,4
16,train,4
166,train,4
294,train,4
84,train,4
270,train,4
388,train,4
77,train,4
69,train,4
169,train,4
197,train,4
7,train,4
68,train,4
186,train,4
147,train,4
291,train,4
383,train,4
235,train,4
71,train,4
141,train,4
72,train,4
352,train,4
206,train,4
120,train,4
318,train,4
297,train,4
101,train,4
249,train,4
261,train,4
28,train,4
355,train,4
19,train,4
225,train,4
94,train,4
334,train,4
149,train,4
349,train,4
142,train,4
255,train,4
263,train,4
253,train,4
60,train,4
144,train,4
246,train,4
217,train,4
315,test,-1
70,test,-1
88,test,-1
350,test,-1
329,test,-1
173,test,-1
359,test,-1
338,test,-1
207,test,-1
3,test,-1
345,test,-1
288,test,-1
59,test,-1
54,test,-1
198,test,-1
92,test,-1
103,test,-1
245,test,-1
108,test,-1
321,test,-1
14,test,-1
49,test,-1
323,test,-1
196,test,-1
384,test,-1
158,test,-1
373,test,-1
319,test,-1
304,test,-1
360,test,-1
371,test,-1
119,test,-1
222,test,-1
11,test,-1
106,test,-1
273,test,-1
265,test,-1
299,test,-1
109,test,-1
31,test,-1
38,test,-1
340,test,-1
95,test,-1
343,test,-1
23,test,-1
110,test,-1
61,test,-1
116,test,-1
282,test,-1
123,test,-1
278,test,-1
202,test,-1
226,test,-1
187,test,-1
33,test,-1
336,test,-1
344,test,-1
200,test,-1
143,test,-1
363,test,-1
45,test,-1
224,test,-1
368,test,-1
260,test,-1
331,test,-1
316,test,-1
98,test,-1
114,test,-1
262,test,-1
223,test,-1
178,test,-1
189,test,-1
133,test,-1
190,test,-1
34,test,-1
48,test,-1
96,test,-1
274,test,-1
